[
    {
        "date": "17/10/2022",
        "exercise time": 100,
        "learn time": 2,
        "calories": 1157,
        "feel": 2
    },
    {
        "date": "18/10/2022",
        "exercise time": 80,
        "learn time": 3,
        "calories": 1023,
        "feel": 3
    },
    {
        "date": "19/10/2022",
        "exercise time": 120,
        "learn time": 1.5,
        "calories": 1732,
        "feel": 1
    },
    {
        "date": "20/10/2022",
        "exercise time": 60,
        "learn time": 4,
        "calories": 2265,
        "feel": 4
    },
    {
        "date": "21/10/2022",
        "exercise time": 30,
        "learn time": 5,
        "calories": 2680,
        "feel": 5
    },
    {
        "date": "22/10/2022",
        "exercise time": 45,
        "learn time": 1.5,
        "calories": 1705,
        "feel": 2
    },
    {
        "date": "23/10/2022",
        "exercise time": 55,
        "learn time": 1.75,
        "calories": 1698,
        "feel": 3
    },
    {
        "date": "24/10/2022",
        "exercise time": 70,
        "learn time": 2.75,
        "calories": 1600,
        "feel": 4
    },
    {
        "date": "25/10/2022",
        "exercise time": 60,
        "learn time": 1.75,
        "calories": 1590,
        "feel": 3
    },
    {
        "date": "26/10/2022",
        "exercise time": 30,
        "learn time": 1.2,
        "calories": 1670,
        "feel": 2
    },
    {
        "date": "27/10/2022",
        "exercise time": 120,
        "learn time": 1.1,
        "calories": 1890,
        "feel": 4
    },
    {
        "date": "28/10/2022",
        "exercise time": 130,
        "learn time": 1,
        "calories": 1900,
        "feel": 5
    },
    {
        "date": "29/10/2022",
        "exercise time": 120,
        "learn time": 1.8,
        "calories": 1300,
        "feel": 6
    },
    {
        "date": "30/10/2022",
        "exercise time": 150,
        "learn time": 5,
        "calories": 1200,
        "feel": 8
    },
    {
        "date": "31/10/2022",
        "exercise time": 150,
        "learn time": 3,
        "calories": 1240,
        "feel": 5
    },
    {
        "date": "01/11/2022",
        "exercise time": 20,
        "learn time": 3.75,
        "calories": 1200,
        "feel": 3
    },
    {
        "date": "02/11/2022",
        "exercise time": 130,
        "learn time": 3.5,
        "calories": 1300,
        "feel": 6
    },
    {
        "date": "03/11/2022",
        "exercise time": 120,
        "learn time": 4.5,
        "calories": 1450,
        "feel": 7
    },
    {
        "date": "04/11/2022",
        "exercise time": 180,
        "learn time": 5.5,
        "calories": 1500,
        "feel": 9
    },
    {
        "date": "05/11/2022",
        "exercise time": 135,
        "learn time": 4.5,
        "calories": 1450,
        "feel": 5
    },
    {
        "date": "06/11/2022",
        "exercise time": 145,
        "learn time": 3,
        "calories": 1350,
        "feel": 4
    },
    {
        "date": "07/11/2022",
        "exercise time": 100,
        "learn time": 2.6,
        "calories": 2100,
        "feel": 6
    },
    {
        "date": "08/11/2022",
        "exercise time": 30,
        "learn time": 1.8,
        "calories": 1500,
        "feel": 2
    },
    {
        "date": "09/11/2022",
        "exercise time": 45,
        "learn time": 2.9,
        "calories": 1450,
        "feel": 3
    },
    {
        "date": "10/11/2022",
        "exercise time": 100,
        "learn time": 2.55,
        "calories": 1670,
        "feel": 4
    },
    {
        "date": "11/11/2022",
        "exercise time": 80,
        "learn time": 2.6,
        "calories": 1560,
        "feel": 3
    },
    {
        "date": "12/11/2022",
        "exercise time": 130,
        "learn time": 3.45,
        "calories": 1680,
        "feel": 5
    },
    {
        "date": "13/11/2022",
        "exercise time": 120,
        "learn time": 4.2,
        "calories": 1650,
        "feel": 4
    },
    {
        "date": "14/11/2022",
        "exercise time": 20,
        "learn time": 5.3,
        "calories": 1800,
        "feel": 3
    },
    {
        "date": "15/11/2022",
        "exercise time": 50,
        "learn time": 4.65,
        "calories": 1955,
        "feel": 7
    },
    {
        "date": "16/11/2022",
        "exercise time": 40,
        "learn time": 2.45,
        "calories": 1800,
        "feel": 4
    },
    {
        "date": "17/11/2022",
        "exercise time": 110,
        "learn time": 4.3,
        "calories": 1905,
        "feel": 5
    },
    {
        "date": "18/11/2022",
        "exercise time": 120,
        "learn time": 5.2,
        "calories": 1890,
        "feel": 7
    },
    {
        "date": "19/11/2022",
        "exercise time": 150,
        "learn time": 3.2,
        "calories": 1480,
        "feel": 4
    },
    {
        "date": "20/11/2022",
        "exercise time": 160,
        "learn time": 4.2,
        "calories": 1455,
        "feel": 7
    },
    {
        "date": "21/11/2022",
        "exercise time": 190,
        "learn time": 4.35,
        "calories": 1400,
        "feel": 8
    },
    {
        "date": "22/11/2022",
        "exercise time": 20,
        "learn time": 2.35,
        "calories": 1800,
        "feel": 2
    },
    {
        "date": "23/11/2022",
        "exercise time": 33,
        "learn time": 3.35,
        "calories": 1700,
        "feel": 4
    },
    {
        "date": "24/11/2022",
        "exercise time": 150,
        "learn time": 4.2,
        "calories": 1300,
        "feel": 9
    },
    {
        "date": "25/11/2022",
        "exercise time": 65,
        "learn time": 2.2,
        "calories": 2300,
        "feel": 2
    }
]
